{"cameraMode":{"drawMode":0,"name":"Shaded","section":"Shading Mode"},"sceneLighting":true,"audioPlay":false,"sceneViewState":{"showFog":true,"showMaterialUpdate":false,"showSkybox":true,"showFlares":true,"showImageEffects":true,"showParticleSystems":true},"in2DMode":false,"pivot":{"x":132.92857360839845,"y":52.86554718017578,"z":-7.9536590576171879},"rotation":{"x":-0.04529208317399025,"y":0.009587516076862812,"z":-0.0004345117195043713,"w":-0.9989290237426758},"size":526.6134033203125,"orthographic":false}