{"cameraMode":{"drawMode":0,"name":"Shaded","section":"Shading Mode"},"sceneLighting":true,"audioPlay":false,"sceneViewState":{"showFog":true,"showMaterialUpdate":false,"showSkybox":true,"showFlares":true,"showImageEffects":true,"showParticleSystems":true},"in2DMode":false,"pivot":{"x":403.4873046875,"y":365.0020751953125,"z":25.610239028930665},"rotation":{"x":-0.04529208317399025,"y":0.009587516076862812,"z":-0.0004345117195043713,"w":-0.9989290237426758},"size":662.3645629882813,"orthographic":false}