{"cameraMode":{"drawMode":0,"name":"Shaded","section":"Shading Mode"},"sceneLighting":false,"audioPlay":false,"sceneViewState":{"showFog":true,"showMaterialUpdate":false,"showSkybox":false,"showFlares":true,"showImageEffects":true,"showParticleSystems":true},"in2DMode":false,"pivot":{"x":3.694471836090088,"y":6.862296104431152,"z":-4.440061569213867},"rotation":{"x":-0.27720019221305849,"y":0.2669898271560669,"z":-0.08050522208213806,"w":-0.9194958806037903},"size":26.235408782958986,"orthographic":false}