{"cameraMode":{"drawMode":0,"name":"Shaded","section":"Shading Mode"},"sceneLighting":true,"audioPlay":false,"sceneViewState":{"showFog":true,"showMaterialUpdate":false,"showSkybox":true,"showFlares":true,"showImageEffects":true,"showParticleSystems":true},"in2DMode":false,"pivot":{"x":1155.93798828125,"y":82.31471252441406,"z":11.76593017578125},"rotation":{"x":0.010203610174357891,"y":0.020043909549713136,"z":-0.0003351603227201849,"w":-0.9998809695243836},"size":846.783447265625,"orthographic":false}