{"cameraMode":{"drawMode":0,"name":"Shaded","section":"Shading Mode"},"sceneLighting":true,"audioPlay":false,"sceneViewState":{"showFog":true,"showMaterialUpdate":false,"showSkybox":true,"showFlares":true,"showImageEffects":true,"showParticleSystems":true},"in2DMode":false,"pivot":{"x":385.02166748046877,"y":153.93142700195313,"z":-59.16632080078125},"rotation":{"x":0.010203610174357891,"y":0.020043909549713136,"z":-0.0003351603227201849,"w":-0.9998809695243836},"size":211.11099243164063,"orthographic":false}