{"cameraMode":{"drawMode":0,"name":"Shaded","section":"Shading Mode"},"sceneLighting":true,"audioPlay":false,"sceneViewState":{"showFog":true,"showMaterialUpdate":false,"showSkybox":true,"showFlares":true,"showImageEffects":true,"showParticleSystems":true},"in2DMode":false,"pivot":{"x":502.5683898925781,"y":285.3203125,"z":18.1612548828125},"rotation":{"x":-0.03929823264479637,"y":0.008091175928711892,"z":-0.0003180314670316875,"w":-0.9991967082023621},"size":905.7579345703125,"orthographic":false}